id,count_9296,count_9701,count_0206,count_0711
1000,,,,1
1001,,2,,
1003,4,4,1,1
1005,,,,
1007,1,,,
1009,,,,
1011,,,,
1013,,,,
1015,1,3,,2
1017,,,,2
1019,,,,
1021,,,1,
1023,,6,,
1025,1,1,,
1027,1,,,
1029,,,,
1031,1,,1,
1033,,1,,
1035,,,,
1037,,,,
1039,,,,
1041,,,,
1043,,,,
1045,,,,1
1047,,,,
1049,,,2,
1051,,2,,
1053,,,,
1055,,,,
1057,,1,,
1059,,,,
1061,,,,1
1063,,,,1
1065,,,,
1067,,,,
1069,,1,,2
1071,,,,1
1073,6,9,9,2
1075,,,,
1077,,,,1
1079,1,,,
1081,1,,1,2
1083,1,1,,
1085,,,,
1087,,,,
1089,3,7,13,5
1091,,,,1
1093,,1,1,
1095,,2,,1
1097,15,16,5,3
1099,,,,
1101,,2,3,1
1103,1,,,1
1105,,,,
1107,,,,
1109,,1,,
1111,,,,
1113,,,,
1115,,,,1
1117,1,2,,1
1119,,,,
1121,,,1,
1123,,4,,1
1125,1,3,1,
1127,,,,
1129,1,1,,
1131,,,,
1133,1,1,,
2000,,,,
2013,,,,
2016,,,,
2020,,3,6,10
2050,,,,1
2060,,,,
2068,,,,
2070,,,,1
2090,,2,2,2
2100,,,,
2105,,,,
2110,,,2,1
2122,,,1,7
2130,,,1,3
2150,,,,1
2164,,,,
2170,,,1,10
2180,,,,
2185,,,,
2188,,,,
2195,,,,
2198,,,,
2220,,1,1,2
2230,,,,
2240,,1,1,
2261,,,1,1
2270,,,,
2275,,,,
2282,,,,
2290,,,,
4000,,,,
4001,,,,
4003,,,,1
4005,,1,1,2
4007,,1,,
4009,,,1,
4011,,,,
4012,,,,
4013,,7,27,8
4015,,1,,
4017,,1,,1
4019,1,1,9,3
4021,,1,2,1
4023,,,,
4025,,,1,1
4027,,,,
5000,,,,
5001,,1,,
5003,,,,
5005,1,,,
5007,5,4,1,1
5009,1,2,,
5011,,,,
5013,,,,
5015,,,,
5017,,,,
5019,,,,
5021,,1,,
5023,2,3,,
5025,1,,,
5027,1,1,,
5029,,,,
5031,1,4,,
5033,1,3,,
5035,,1,,
5037,,,,
5039,,,,
5041,,,,
5043,,,,
5045,4,3,,
5047,1,1,,
5049,1,,,
5051,5,3,,
5053,1,,,
5055,,1,,
5057,,,,
5059,,,1,
5061,2,,,
5063,2,,,
5065,,1,,
5067,,,,
5069,2,,,
5071,4,1,,
5073,,,,
5075,1,2,,
5077,,,,
5079,,,,
5081,,,,
5083,2,,,
5085,2,1,,
5087,,,,
5089,1,,,
5091,,2,,
5093,,,,
5095,,,,
5097,1,,,
5099,1,,,
5101,,1,,
5103,,,,
5105,,,,
5107,1,,,
5109,1,1,,
5111,1,,,
5113,1,,,
5115,4,1,,
5117,,,,
5119,16,3,,
5121,2,1,,
5123,1,1,,
5125,2,3,1,
5127,,,,
5129,,2,,
5131,2,,,
5133,,1,,
5135,1,,,
5137,1,1,,
5139,1,,,
5141,1,1,,
5143,3,,,
5145,,2,,
5147,,,,
5149,,,,
6000,,,,
6001,15,19,17,16
6003,,,,
6005,,2,1,3
6007,9,88,8,7
6009,1,1,,
6011,,,,
6013,10,15,12,6
6015,5,2,2,2
6017,6,6,9,7
6019,6,1,2,6
6021,5,4,,2
6023,35,67,32,36
6025,,1,,
6027,,1,1,
6029,10,8,6,11
6031,,,,2
6033,16,5,3,1
6035,,5,1,
6037,20,27,34,41
6039,1,1,,1
6041,22,20,17,13
6043,1,,2,
6045,72,37,19,38
6047,,4,1,1
6049,,,,
6051,3,1,4,1
6053,7,7,7,2
6055,4,10,3,6
6057,19,25,13,13
6059,10,6,8,16
6061,7,16,10,6
6063,7,4,,
6065,10,5,8,11
6067,2,14,17,4
6069,,1,1,1
6071,12,2,1,5
6073,27,32,30,33
6075,10,14,21,20
6077,4,2,,3
6079,5,3,1,2
6081,12,17,15,15
6083,8,5,7,19
6085,15,16,21,17
6087,16,21,17,26
6089,11,4,5,6
6091,,,,1
6093,2,3,1,1
6095,2,2,,1
6097,87,53,32,40
6099,5,4,1,3
6101,2,3,,
6103,2,4,1,1
6105,35,16,8,3
6107,9,4,,7
6109,3,2,3,
6111,3,7,5,13
6113,3,,4,1
6115,5,2,,1
8000,,1,,
8001,,,,
8003,,,,
8005,,,,1
8007,,,,
8009,,,,
8011,,,,
8013,,2,,
8014,,,,
8015,,,,
8017,,,,
8019,,,,
8021,,,,
8023,,,,
8025,,,,
8027,,,,
8029,,,,
8031,,,,2
8033,,,,
8035,,,,
8037,,,,
8039,,,,
8041,,,,
8043,,,,
8045,,,,
8047,,,,
8049,,,,
8051,,,,
8053,,,,
8055,,,,
8057,,,,
8059,,,,
8061,,,,
8063,,,,
8065,,,,
8067,,,,
8069,,,,
8071,,,,
8073,,,,
8075,,,,
8077,,,,
8079,,,,
8081,,,,
8083,,,,
8085,,,,
8087,,,,
8089,,,,
8091,,,,
8093,,,,
8095,,,,
8097,,,1,
8099,,,,
8101,,,,
8103,,,,
8105,,,,
8107,1,,,
8109,,,,
8111,,,,
8113,,,,
8115,,,,
8117,,,,
8119,,,,
8121,,,,
8123,,,,
8125,,,,
9000,702,576,323,3944
9001,2384,4842,2759,1750
9003,452,984,653,981
9005,483,1777,1892,792
9007,1448,1124,567,619
9009,971,1870,1038,1377
9011,1999,2362,1621,1395
9013,667,1131,880,987
9015,686,1650,1247,670
10000,56,1,132,148
10001,77,115,505,708
10003,525,469,962,2447
10005,39,87,274,591
11000,17,,,
11001,3,52,127,274
12000,1,,,
12001,3,1,6,3
12003,,,1,
12005,4,1,1,1
12007,,,,
12009,3,12,4,10
12011,5,2,2,8
12013,1,1,,
12015,1,,8,4
12017,1,3,8,7
12019,3,4,1,
12021,5,6,3,2
12023,,,1,
12027,1,1,,1
12029,1,,,
12031,9,5,6,9
12033,4,7,4,5
12035,,3,1,7
12037,,1,,1
12039,1,,,
12041,,,1,
12043,,,,
12045,,,,
12047,,,,
12049,,1,,1
12051,1,,,
12053,1,6,,6
12055,,1,2,2
12057,3,16,15,20
12059,,2,,
12061,1,13,8,5
12063,1,,,
12065,,,,
12067,,,,
12069,11,7,4,
12071,9,13,9,28
12073,3,4,3,1
12075,1,,,1
12077,,,,
12079,,,,
12081,1,7,6,10
12083,8,2,4,14
12085,5,8,6,10
12086,6,20,15,19
12087,1,3,3,2
12089,4,3,7,1
12091,3,9,3,1
12093,1,,,
12095,9,10,11,15
12097,3,3,5,1
12099,4,22,25,30
12101,3,1,10,9
12103,6,37,27,24
12105,3,,2,9
12107,3,3,2,
12109,4,6,1,5
12111,1,1,2,3
12113,2,3,,5
12115,5,14,20,14
12117,1,4,4,3
12119,2,3,,5
12121,1,1,,
12123,,1,,
12125,,,,
12127,3,6,7,10
12129,,5,,
12131,,1,1,1
12133,1,,,
13000,11,9,,1
13001,,,,1
13003,,,,
13005,,,,
13007,,,,
13009,4,,,1
13011,,1,,
13013,,,,
13015,2,,,1
13017,,,,
13019,,,,
13021,9,,,1
13023,,,,
13025,1,,,
13027,,,,
13029,1,,,
13031,,,,1
13033,,,,
13035,1,,,2
13037,,,,
13039,1,,,1
13043,23,,,
13045,8,,,1
13047,,,,
13049,,,,
13051,8,,1,4
13053,,,,
13055,,,,
13057,,,2,
13059,3,,,1
13061,,,,
13063,2,,1,
13065,,,,
13067,8,2,6,11
13069,1,,,
13071,,,,
13073,2,,,
13075,1,,,
13077,2,,1,3
13079,,,,1
13081,2,,,
13083,,,1,
13085,,,3,
13087,,,,
13089,12,,3,10
13091,1,,,
13093,,,,
13095,1,,,
13097,1,,,
13099,,,,1
13101,,,,
13103,1,,,
13105,,,,
13107,,,,
13109,,,,1
13111,,,,
13113,1,,2,4
13115,,,,
13117,,,1,5
13119,,,,2
13121,7,,3,11
13123,,,,
13125,,,,
13127,,,,
13129,1,,,
13131,,,,
13133,,,,
13135,2,1,,8
13137,1,,,
13139,1,,2,4
13141,,,,
13143,,,,
13145,,,,1
13147,,,3,
13149,,,,2
13151,1,,1,10
13153,2,,,7
13155,,,,
13157,1,,,
13159,,,,1
13161,,,,
13163,,,,
13165,,,,
13167,,,,
13169,1,,,1
13171,,,,
13173,,,,
13175,,,,3
13177,,,,
13179,1,,,
13181,,,,
13183,,,,
13185,38,,,2
13187,,,1,
13189,1,,,
13191,,,,
13193,,,,
13195,3,,,
13197,,,,
13199,,,1,1
13201,,,,1
13205,,,,1
13207,2,,,
13209,,,,
13211,,,,
13213,,,,
13215,3,,,1
13217,1,,1,4
13219,,,,
13221,1,,,
13223,,,,
13225,2,,,1
13227,,,,
13229,,,,
13231,2,,,1
13233,,,,
13235,,,,
13237,,,,
13239,,,,
13241,,,,1
13243,,,,
13245,32,,,
13247,3,,2,2
13249,,,,
13251,,,,
13253,1,,,
13255,4,,1,
13257,1,,1,
13259,,,,
13261,,,,2
13263,,,,
13265,,,,
13267,1,,,1
13269,,,,1
13271,,,,
13273,2,,,
13275,2,,,1
13277,,,,
13279,,,,1
13281,,,,
13283,,,,
13285,,1,,2
13287,,,,
13289,1,,,
13291,,,,
13293,3,,,
13295,,,,2
13297,1,,,1
13299,,,,
13301,,,,
13303,,,,1
13305,1,,1,
13307,,,,
13309,2,,,
13311,,,,
13313,,,,
13315,,,,
13317,1,,,
13319,1,,,
13321,,,,
15000,,,,
15001,1,,,
15003,1,,,
15005,,,,
15007,2,,,
15009,,,,
16000,,,1,
16001,1,4,4,4
16003,,1,,
16005,,,1,1
16007,,,,1
16009,,,,1
16011,1,,,2
16013,,3,2,1
16015,1,,,
16017,,,3,1
16019,,1,1,4
16021,,2,1,
16023,,,,
16025,,,,
16027,,1,5,5
16029,,,,
16031,,,,
16033,,,,
16035,,,,
16037,,,,
16039,,,,1
16041,,,,
16043,,,,
16045,1,2,,
16047,,,,
16049,,2,1,1
16051,,,,
16053,,,,
16055,,1,2,4
16057,,3,,1
16059,,1,,
16061,,,,
16063,,,,
16065,1,,1,
16067,,,,
16069,1,1,,
16071,,,,
16073,,,,
16075,1,,,
16077,,,,
16079,,,,
16081,,,,
16083,1,,,
16085,1,,,
16087,,1,,
17000,,,,
17001,2,3,,3
17003,2,,,1
17005,,,,1
17007,,5,2,2
17009,,,,
17011,,,2,4
17013,,,1,
17015,,,2,15
17017,,,,
17019,,,4,5
17021,,,,1
17023,,,,2
17025,,,,
17027,1,,,
17029,2,,,1
17031,13,17,123,186
17033,,,,1
17035,,,,
17037,3,6,6,8
17039,1,,,
17041,,,,1
17043,6,8,42,102
17045,,,,1
17047,,,,
17049,,,,
17051,,,,
17053,,,,2
17055,1,1,1,
17057,,,1,3
17059,,,,
17061,,,,1
17063,,4,4,7
17065,,,,
17067,,,,
17069,,,,
17071,,,,
17073,1,,3,3
17075,1,1,1,2
17077,4,1,,
17079,1,,,
17081,,,1,
17083,1,,,2
17085,,1,50,17
17087,2,,,1
17089,6,4,15,39
17091,,,2,1
17093,,,1,1
17095,,1,,1
17097,5,3,22,44
17099,6,,5,15
17101,,,1,
17103,1,,5,4
17105,,,1,
17107,1,,,
17109,,,,
17111,11,1,28,34
17113,1,3,1,13
17115,,,1,3
17117,1,,1,
17119,1,2,1,2
17121,,,2,3
17123,,,,2
17125,,,,
17127,,,,
17129,,,,
17131,,,2,3
17133,,,,
17135,,,,1
17137,1,2,1,
17139,,1,1,
17141,1,8,18,23
17143,,1,8,14
17145,1,,1,
17147,,,,
17149,,4,4,7
17151,,,,
17153,1,1,,
17155,,,1,1
17157,1,,,
17159,,3,,
17161,5,5,11,12
17163,,1,1,2
17165,1,,1,
17167,3,1,3,5
17169,,,,
17171,,,,
17173,,1,2,
17175,,,,3
17177,,2,2,7
17179,2,1,1,11
17181,5,3,,2
17183,1,,1,3
17185,,,,
17187,,,,4
17189,1,,,
17191,,,1,
17193,,,,
17195,3,3,1,3
17197,2,3,29,31
17199,6,1,,1
17201,3,8,23,49
17203,1,1,1,6
18000,2,4,,30
18001,1,3,1,1
18003,2,11,6,9
18005,,,1,
18007,2,,,1
18009,,,,
18011,2,3,1,2
18013,,,,
18015,,,,2
18017,1,,4,2
18019,,1,1,
18021,,1,1,1
18023,,,,1
18025,,3,,1
18027,,1,,1
18029,2,,,
18031,,,,
18033,1,,1,
18035,1,,1,
18037,1,,,
18039,1,,5,5
18041,,1,,
18043,,4,1,1
18045,,,1,4
18047,,1,,
18049,,,,1
18051,2,,,
18053,,1,1,
18055,1,1,,3
18057,1,4,3,17
18059,1,,,
18061,,2,,
18063,1,2,4,1
18065,2,,,
18067,6,3,2,5
18069,,1,,
18071,,1,,
18073,,,2,5
18075,1,,2,
18077,,1,,
18079,,2,1,
18081,5,1,2,3
18083,,,,
18085,,,1,2
18087,,1,1,2
18089,3,7,10,19
18091,,2,11,23
18093,1,5,,1
18095,3,3,2,1
18097,8,14,10,5
18099,,1,2,11
18101,,1,1,
18103,2,,1,
18105,1,6,7,4
18107,,1,,8
18109,4,2,,3
18111,,,,1
18113,2,1,1,
18115,,,,
18117,,1,,
18119,1,,,5
18121,1,,,2
18123,5,1,,3
18125,,,,1
18127,1,4,13,37
18129,,,,
18131,,1,3,4
18133,1,1,,1
18135,1,1,,
18137,1,1,,1
18139,,,1,
18141,7,4,10,31
18143,,,1,
18145,3,1,,
18147,2,1,1,
18149,,2,,12
18151,1,1,1,
18153,,,2,
18155,,,,
18157,1,6,5,8
18159,1,1,,1
18161,1,,,
18163,20,8,4,7
18165,,,,
18167,,3,,4
18169,,,,
18171,,,3,3
18173,7,1,2,4
18175,,5,2,
18177,6,1,,
18179,2,1,,1
18181,,1,,
18183,2,,1,
19000,,,,
19001,,,1,
19003,,,,
19005,3,7,17,18
19007,,,1,
19009,,,,
19011,1,6,5,2
19013,2,4,9,6
19015,,1,3,1
19017,1,1,2,2
19019,,,2,2
19021,1,1,,
19023,,,1,1
19025,,,,
19027,1,1,1,
19029,,,,1
19031,,1,3,2
19033,3,1,2,
19035,,3,3,
19037,,,2,
19039,,,,1
19041,,,,
19043,2,5,15,36
19045,,3,2,6
19047,,1,,
19049,,,2,5
19051,5,2,,
19053,,1,1,1
19055,,,5,5
19057,4,2,3,3
19059,1,1,2,1
19061,1,1,19,28
19063,,,,
19065,,2,8,14
19067,,1,1,
19069,,,,1
19071,,,2,
19073,,1,2,1
19075,,,,
19077,1,,1,
19079,,,2,3
19081,,,,
19083,,,3,2
19085,1,,,
19087,,1,1,1
19089,,1,3,3
19091,1,,,
19093,,,,
19095,1,5,8,17
19097,,1,5,12
19099,3,3,5,2
19101,,1,1,
19103,5,9,37,93
19105,,1,2,1
19107,1,,3,1
19109,,,2,1
19111,2,2,2,5
19113,6,12,24,37
19115,1,,2,5
19117,,,,2
19119,,,1,
19121,,,,1
19123,1,2,1,1
19125,4,3,4,2
19127,,1,6,2
19129,,,1,
19131,,,,1
19133,,,,
19135,1,1,1,2
19137,,,,
19139,2,5,23,13
19141,1,,,
19143,,,,
19145,1,,,
19147,,,1,
19149,,,1,2
19151,,,1,1
19153,11,9,19,21
19155,,1,2,1
19157,,1,1,3
19159,,,,
19161,,,,
19163,10,11,24,14
19165,,,,1
19167,,,,1
19169,1,3,15,5
19171,,,,
19173,,,,
19175,1,,,
19177,,,,
19179,4,3,4,1
19181,,1,2,4
19183,2,,,3
19185,,,2,
19187,3,4,4,2
19189,1,,,
19191,1,1,7,16
19193,1,1,,1
19195,,,,3
19197,1,,,2
20000,,,,
20001,2,,,
20003,,,,
20005,5,2,,
20007,,,1,
20009,,,,
20011,,1,,1
20013,,,1,
20015,6,7,1,2
20017,,,,
20019,,,,
20021,1,2,,
20023,2,,,
20025,,,,
20027,1,,,
20029,,1,,
20031,,,,
20033,,,,
20035,,,,1
20037,1,3,,1
20039,,,,
20041,,,,
20043,2,1,,
20045,12,3,5,4
20047,,,,
20049,1,1,,
20051,,,,1
20053,,,,
20055,,,,
20057,2,,1,
20059,1,1,,1
20061,1,,,
20063,,,,
20065,,,,
20067,,1,,
20069,,,,
20071,,,,
20073,,,,
20075,,,,
20077,,,,
20079,1,3,,
20081,,,,
20083,,,,
20085,,,,
20087,5,1,,2
20089,,,,
20091,39,,4,21
20093,,,,
20095,2,,,
20097,,,,
20099,,,1,
20101,,,,
20103,5,3,1,3
20105,,,,
20107,,,,
20109,1,1,,
20111,1,,,
20113,,1,,
20115,,,,
20117,,1,,
20119,,,,
20121,,1,1,
20123,,,,
20125,5,1,,1
20127,1,,,
20129,,,,
20131,,,,
20133,,,,1
20135,,1,,
20137,,,,
20139,3,,,1
20141,,,,
20143,,1,,
20145,,,,
20147,,,,
20149,,,1,
20151,,,,
20153,1,,,
20155,5,,,5
20157,,,,
20159,,1,,
20161,3,1,1,4
20163,,,,
20165,,,,
20167,,,,
20169,1,1,,2
20171,,,,
20173,6,6,,4
20175,,,,
20177,16,4,3,
20179,,,,
20181,,,,
20183,,,,
20185,,,,1
20187,,,,
20189,,,,
20191,,,,
20193,,,,
20195,,,,
20197,2,1,,
20199,,,,
20201,,,,
20203,,,,
20205,,1,,
20207,,,,
20209,14,,,4
21000,,15,,
21001,,1,,1
21003,,1,,
21005,,,1,
21007,1,1,,
21009,2,,,
21011,,,,
21013,,,,
21015,2,5,,
21017,1,,,
21019,,,,
21021,,1,,
21023,,,,
21025,,,,
21027,,,,
21029,,1,1,1
21031,1,3,,
21033,1,,,
21035,2,,,
21037,,1,,
21039,,,,
21041,,,,
21043,1,,,
21045,1,,,
21047,4,9,3,1
21049,,1,1,
21051,,1,,
21053,,1,,
21055,4,,,
21057,,,1,
21059,4,4,,
21061,1,,,
21063,,,,
21065,,,1,
21067,5,5,4,1
21069,,,,
21071,2,,1,
21073,,,,
21075,,,,
21077,,,,
21079,,,,
21081,,1,,
21083,1,,2,
21085,4,4,2,1
21087,1,1,2,
21089,1,,,
21091,1,1,1,
21093,5,7,5,2
21095,,,,
21097,,,,
21099,,,,
21101,4,,2,1
21103,,,,
21105,1,,,
21107,,1,,
21109,,,,
21111,9,10,11,5
21113,,,,
21115,2,,,
21117,3,,2,
21119,,,,
21121,,,,
21123,1,,1,
21125,,,,1
21127,,,,
21129,,,,
21131,,,,
21133,,,,
21135,1,,,
21137,,1,,
21139,3,1,1,
21141,2,1,2,1
21143,1,,,
21145,3,2,1,
21147,,,,
21149,,,,
21151,2,,1,1
21153,,,,
21155,,1,1,
21157,1,,1,
21159,,2,,
21161,,,1,
21163,5,1,2,
21165,,,,
21167,,,,
21169,1,,1,1
21171,,,,
21173,1,1,1,
21175,,1,,
21177,1,3,1,
21179,,,6,
21181,,,,
21183,2,,1,
21185,2,,,
21187,,,,
21189,1,,,
21191,,,,
21193,,,,
21195,1,1,,
21197,,,,
21199,3,,2,
21201,,,,
21203,,1,,
21205,1,,2,
21207,2,,,1
21209,,1,2,
21211,,,,
21213,,,,1
21215,1,1,,
21217,1,1,2,
21219,,,,
21221,,1,,
21223,,,,
21225,,1,,
21227,8,4,,1
21229,,,,
21231,,,,
21233,2,1,,
21235,,1,,
21237,,,,
21239,,,,
22000,,1,,
22001,,,1,
22003,1,,1,
22005,,1,2,
22007,,,,
22009,,,1,
22011,,,,
22013,1,,,
22015,1,2,,
22017,4,4,1,2
22019,,2,2,
22021,,,,
22023,,,,
22025,,,,
22027,,,,
22029,,1,,
22031,1,,,
22033,2,1,1,1
22035,,,,
22037,,,,
22039,,,1,
22041,1,,,
22043,,,1,
22045,1,,,
22047,1,,1,
22049,,,,
22051,2,5,,
22053,,,,
22055,,4,,
22057,,3,,
22059,,,,
22061,,,,
22063,2,1,,1
22065,,1,,
22067,,,1,
22069,,,,
22071,2,4,1,
22073,3,,,
22075,,,,
22077,,1,,
22079,1,,1,
22081,,,,
22083,,,1,
22085,,1,,
22087,,,,1
22089,1,,,1
22091,,1,,
22093,,,,
22095,,1,,
22097,,1,,1
22099,,2,1,
22101,,,,
22103,3,4,,
22105,1,,1,
22107,,,,
22109,,2,,
22111,1,,,
22113,,1,,
22115,1,2,,
22117,1,6,,
22119,1,1,,1
22121,,,,
22123,,,,
22125,,,,
22127,,,,
23000,,2,7,4
23001,10,6,24,182
23003,3,1,9,20
23005,34,52,299,961
23007,2,4,12,35
23009,14,15,29,110
23011,8,8,51,411
23013,7,12,63,269
23015,12,9,63,180
23017,3,9,11,73
23019,10,20,27,39
23021,1,2,2,7
23023,2,4,36,174
23025,2,5,13,27
23027,2,4,14,76
23029,1,2,5,22
23031,64,177,539,870
24000,1,,1,19
24001,2,4,11,35
24003,95,378,498,585
24005,371,199,56,1033
24009,38,166,229,161
24011,62,102,75,84
24013,50,176,569,480
24015,124,133,278,359
24017,58,182,112,210
24019,15,15,22,35
24021,8,90,467,494
24023,6,3,2,4
24025,135,334,456,460
24027,70,317,438,1159
24029,81,132,72,109
24031,125,298,453,1248
24033,91,287,297,284
24035,93,166,220,220
24037,27,58,66,107
24039,17,35,33,32
24041,42,123,100,128
24043,9,29,180,324
24045,23,23,92,91
24047,12,50,50,48
24510,50,48,26,180
25000,2,7,64,2357
25001,124,599,870,799
25003,4,144,350,490
25005,99,311,616,937
25007,41,149,262,176
25009,96,588,980,1300
25011,7,19,66,206
25013,47,246,544,682
25015,21,115,235,417
25017,173,469,1496,2585
25019,274,301,181,210
25021,71,281,890,1612
25023,99,531,1003,1511
25025,28,66,127,236
25027,42,273,955,1630
26000,,,,
26001,,,,
26003,1,,2,
26005,1,2,5,10
26007,,1,,1
26009,1,,,
26011,,,,
26013,1,,,1
26015,,,,3
26017,,,,1
26019,,1,1,1
26021,2,3,7,29
26023,,1,1,1
26025,,1,2,1
26027,,,2,3
26029,,,,1
26031,,,2,
26033,2,2,,1
26035,,,,2
26037,,,,1
26039,,,,
26041,4,1,3,9
26043,,2,1,13
26045,,,3,2
26047,1,1,,
26049,2,1,3,6
26051,,,,2
26053,1,,1,13
26055,1,1,,6
26057,,,1,
26059,2,1,,2
26061,2,,,4
26063,,,1,
26065,4,2,4,4
26067,1,,1,2
26069,2,2,1,1
26071,,,,
26073,1,1,,2
26075,1,,4,2
26077,3,4,5,6
26079,,,,
26081,2,10,14,15
26083,,,,
26085,,,,
26087,,,2,2
26089,,1,,
26091,5,1,3,2
26093,2,1,1,5
26095,,,,
26097,2,1,1,
26099,7,3,5,1
26101,,,,1
26103,8,2,1,4
26105,,1,,2
26107,1,,,2
26109,22,21,44,110
26111,1,1,2,1
26113,,,,
26115,,1,1,
26117,1,,1,1
26119,,,,
26121,5,,4,4
26123,,,,
26125,10,4,14,22
26127,1,,1,
26129,,1,,
26131,2,,,10
26133,,1,,1
26135,,1,,1
26137,,,1,
26139,,1,12,15
26141,,1,,
26143,1,,,
26145,,,,
26147,1,2,1,2
26149,1,1,1,2
26151,,,,1
26153,,,,
26155,,,,
26157,,,,
26159,,6,1,3
26161,2,3,15,25
26163,16,7,6,11
26165,1,1,1,
27000,8,4,,48
27001,36,50,70,86
27003,58,178,344,466
27005,,1,44,84
27007,2,7,66,154
27009,5,18,17,36
27011,,,,1
27013,12,8,19,15
27015,1,3,7,6
27017,10,12,62,159
27019,7,7,29,46
27021,9,36,152,183
27023,,,,2
27025,44,52,84,111
27027,1,1,6,24
27029,,2,19,21
27031,,2,3,1
27033,1,,1,2
27035,66,180,472,319
27037,59,87,246,295
27039,,3,3,13
27041,3,,7,13
27043,2,2,2,3
27045,,3,21,29
27047,,1,8,8
27049,6,4,33,48
27051,1,,,
27053,162,247,574,778
27055,3,31,111,66
27057,2,1,69,102
27059,14,26,37,79
27061,3,10,85,170
27063,,1,,1
27065,28,44,37,39
27067,1,2,8,20
27069,,1,,3
27071,,2,1,2
27073,,,,1
27075,1,,10,9
27077,,,1,1
27079,1,4,4,11
27081,,,1,
27083,1,2,1,
27085,1,2,10,12
27087,,,6,7
27089,,,1,7
27091,,,1,4
27093,,2,7,7
27095,26,27,53,63
27097,5,26,72,72
27099,1,1,7,12
27101,,,,1
27103,1,3,11,11
27105,1,,,
27107,,,5,6
27109,15,26,43,80
27111,1,4,16,48
27113,,,3,7
27115,71,61,115,162
27117,,,,
27119,,,10,31
27121,,,1,1
27123,151,209,329,432
27125,,,1,1
27127,,,3,1
27129,,2,2,3
27131,2,7,15,29
27133,,,,1
27135,,1,5,1
27137,21,29,82,278
27139,14,19,57,69
27141,10,43,110,180
27143,1,,2,3
27145,12,24,80,122
27147,3,2,11,10
27149,,,1,
27151,,,2,
27153,,2,26,39
27155,,,,
27157,2,6,19,30
27159,,2,9,38
27161,2,3,,8
27163,102,151,284,349
27165,,,2,3
27167,,,,
27169,9,26,86,142
27171,6,16,54,99
27173,1,,,1
28000,,3,,
28001,,,,
28003,,,2,
28005,2,1,1,
28007,,3,,
28009,,,,
28011,,,,
28013,,,,
28015,,,,
28017,,,,
28019,,2,,
28021,,,,
28023,1,1,1,
28025,,,,
28027,1,,1,
28029,1,1,1,
28031,1,,,
28033,1,1,3,
28035,,,4,
28037,,1,,
28039,,,,
28041,,,,
28043,1,,,
28045,,1,1,
28047,7,7,1,
28049,5,9,2,2
28051,,,,
28053,,,,
28055,,,,
28057,,,,
28059,4,5,3,
28061,,,,
28063,,,,
28065,,,,
28067,,1,1,
28069,1,,,
28071,,,,
28073,1,1,1,1
28075,2,3,3,
28077,,,,
28079,1,,,
28081,1,,3,
28083,,,,
28085,,,,
28087,1,1,1,
28089,,,,
28091,,,,
28093,,3,1,
28095,,,,2
28097,,,,
28099,1,,,
28101,,,,
28103,,,,
28105,,,,
28107,,1,,
28109,1,1,,
28111,,,,
28113,2,3,,
28115,,,,
28117,,1,,
28119,,,1,
28121,,,,
28123,,,,
28125,,,,
28127,1,,,
28129,,,,
28131,,,2,
28133,,,,
28135,,,,
28137,,1,,
28139,,,,
28141,,,1,
28143,,,,
28145,,1,,
28147,,,,
28149,2,1,1,
28151,,,,
28153,1,,1,
28155,,,,
28157,,,,
28159,2,,,
28161,,5,,
28163,,1,,
29000,,1,,
29001,,2,,2
29003,1,,1,
29005,1,,,
29007,3,2,,
29009,6,3,2,
29011,,,1,
29013,7,2,2,
29015,,,2,
29017,14,10,1,
29019,5,4,4,
29021,1,,4,
29023,3,1,1,
29025,2,1,,
29027,1,2,2,
29029,23,5,3,
29031,43,25,5,
29033,1,,1,
29035,1,,,
29037,6,4,4,
29039,3,1,3,
29041,1,,,
29043,3,2,1,1
29045,,1,1,
29047,12,3,3,1
29049,2,,1,
29051,9,2,,
29053,,,,
29055,2,1,,
29057,,,,
29059,1,2,,
29061,,,1,
29063,1,,1,
29065,,1,2,
29067,,,,
29069,1,1,1,
29071,4,4,4,1
29073,2,1,1,
29075,1,,3,
29077,11,2,1,1
29079,1,,,
29081,,,1,
29083,,3,3,
29085,,,,
29087,,,,
29089,,1,,
29091,1,3,1,
29093,6,2,1,1
29095,62,10,21,4
29097,7,3,3,
29099,8,1,6,
29101,7,,2,
29103,,,,
29105,,,1,
29107,4,,,
29109,2,2,2,
29111,,1,,
29113,,2,2,1
29115,1,,1,
29117,1,,4,
29119,3,3,2,
29121,,,,
29123,5,3,1,
29125,2,,1,
29127,4,,,
29129,,,1,
29131,1,1,1,
29133,4,1,1,
29135,1,1,1,
29137,1,,,
29139,,2,,
29141,11,2,,1
29143,10,2,,
29145,3,1,1,
29147,5,,3,1
29149,,,,
29151,,,,
29153,,,,
29155,1,,,
29157,20,2,1,
29159,2,3,,
29161,,1,3,2
29163,1,1,,
29165,4,,,
29167,2,,1,
29169,,,,
29171,,,,1
29173,,2,,
29175,,2,,
29177,,,2,
29179,,1,,
29181,2,4,1,
29183,7,6,5,
29185,,1,1,
29186,3,1,,2
29187,6,2,,
29189,12,11,8,8
29195,,,2,
29197,,,,
29199,,,,
29201,35,13,2,
29203,1,1,,
29205,2,,,
29207,17,2,,
29209,,1,1,
29211,,1,,
29213,20,3,9,
29215,1,2,,
29217,1,1,,
29219,1,1,,
29221,2,2,1,
29223,1,1,,
29225,1,2,,
29227,,,,
29229,2,,2,
29510,,2,1,1
30000,,,,
30001,,,,1
30003,,,,
30005,,,,
30007,,,,
30009,,,,1
30011,,,,
30013,,,,3
30015,,,,
30017,,,,1
30019,,,,
30021,,,,
30023,,,,1
30025,,,,
30027,,,,
30029,,,,3
30031,,,,4
30033,,,,
30035,,,,
30037,,,,
30039,,,,
30041,,,,
30043,,,,
30045,,,,
30047,,,,1
30049,,,,2
30051,,,,
30053,,,,1
30055,,,,
30057,,,,2
30059,,,,
30061,,,,
30063,,,,3
30065,,,,1
30067,,,,
30069,,,,
30071,,,,
30073,,,,
30075,,,,
30077,,,,
30079,,,,
30081,,,,1
30083,,,,
30085,,,,
30087,,,,
30089,,,,
30091,,,,
30093,,,,
30095,,,,
30097,,,,
30099,,,,
30101,,,,
30103,,,,
30105,,,,
30107,,,,
30109,,,,
30111,,,1,
31000,,,,1
31001,,,,
31003,,,,1
31005,,,,
31007,,,,
31009,,,,
31011,1,,,1
31013,,,,
31015,,,,
31017,,,1,
31019,,,,
31021,,,,
31023,,,,
31025,1,,1,
31027,,,,
31029,,,,
31031,,,,
31033,,,,
31035,1,,,
31037,,,,
31039,,,,
31041,,,,
31043,,,,
31045,,,,
31047,,,,
31049,,,,
31051,1,,,
31053,,2,,1
31055,8,11,8,14
31057,,,,
31059,1,,,
31061,,,,
31063,,,,
31065,,,,
31067,2,,,
31069,,,,
31071,,,,
31073,,,,
31075,,,,
31077,,,,
31079,1,1,1,1
31081,,,,1
31083,,,,
31085,,,,
31087,,,,
31089,,,,
31091,,,,
31093,,,,
31095,,,,
31097,,,,
31099,,,,
31101,,,,
31103,,,,
31105,,,,
31107,,,,
31109,22,6,6,6
31111,,,,
31113,,,,
31115,,,,
31117,,,,
31119,,,,
31121,,,,
31123,,1,,
31125,,,,
31127,,,,
31129,,,,
31131,,,,
31133,,,,1
31135,,,,
31137,,,,
31139,,,,
31141,,1,,
31143,1,,,
31145,,,,
31147,,,,
31149,,,,
31151,,,,
31153,2,4,4,1
31155,,,,
31157,,,2,
31159,,,,1
31161,1,,,1
31163,,,,
31165,,,,
31167,,,,
31169,,,,
31171,,,,
31173,,,,
31175,,,,
31177,,,,1
31179,,,,
31181,,,,1
31183,,,,
31185,,,,1
32000,,1,1,
32001,,1,,
32003,11,12,6,16
32005,1,2,,1
32007,,,1,
32009,,,,
32011,,,,
32013,,,,2
32015,,,,
32017,,,,
32019,,,1,
32021,,,,
32023,1,,,
32027,,,,
32029,,,,
32031,2,2,4,18
32033,,,,
32510,,,,2
33000,2,,,4
33001,15,18,35,77
33003,16,9,29,100
33005,6,15,33,132
33007,13,11,12,11
33009,11,19,30,100
33011,46,61,337,1379
33013,19,31,76,347
33015,23,113,735,1886
33017,8,44,264,724
33019,5,3,8,60
34000,13,4,4,37
34001,201,358,594,550
34003,109,205,616,890
34005,456,298,511,1183
34007,106,76,133,102
34009,70,98,152,168
34011,79,146,312,576
34013,84,148,433,649
34015,140,375,543,478
34017,10,34,48,150
34019,1927,2675,1780,1831
34021,287,366,587,985
34023,234,410,423,589
34025,437,599,1177,1541
34027,1015,1765,1993,2114
34029,571,505,843,859
34031,31,76,290,770
34033,90,176,111,211
34035,680,780,718,846
34037,88,375,1333,1659
34039,79,72,182,323
34041,193,609,946,1153
35000,,,,
35001,3,1,3,3
35003,,,,
35005,,,,
35006,,,,1
35007,,,1,
35009,,,,
35011,,,,
35013,2,,2,2
35015,,,,
35017,1,,,
35019,,,,
35021,,,,
35023,,,,
35025,1,1,,1
35027,,,,
35028,,,,
35029,,,,1
35031,,,1,
35033,,,,
35035,,1,,1
35037,,,,
35039,2,,1,
35041,,1,,
35043,,,,1
35045,,,,1
35047,,,,
35049,2,3,1,2
35051,,,,
35053,,,,
35055,,,,2
35057,,,,
35059,,,,
35061,,,,
36000,,,,
36001,59,171,1145,1667
36003,26,4,6,13
36005,145,84,102,197
36007,12,11,26,87
36009,12,1,,21
36011,,9,4,14
36013,10,9,7,18
36015,12,5,5,12
36017,13,5,5,38
36019,14,15,24,29
36021,257,2015,3044,1305
36023,4,2,2,16
36025,8,10,12,27
36027,4496,6172,6407,1867
36029,84,34,20,49
36031,9,4,10,88
36033,10,2,7,18
36035,8,8,3,24
36037,3,7,1,1
36039,33,259,665,785
36041,4,2,1,5
36043,4,2,14,46
36045,1,21,25,139
36047,140,111,265,561
36049,1,1,,5
36051,5,2,4,7
36053,4,10,16,30
36055,23,25,27,60
36057,4,4,11,88
36059,654,472,454,241
36061,543,379,712,1208
36063,36,8,6,11
36065,24,9,13,100
36067,7,32,50,186
36069,10,2,9,13
36071,1071,2276,2649,1320
36073,7,,2,2
36075,10,15,8,24
36077,11,7,8,61
36079,1240,1055,1095,407
36081,211,159,161,342
36083,42,196,958,1319
36085,75,52,100,141
36087,401,403,980,843
36089,5,10,10,135
36091,45,34,220,652
36093,18,25,85,182
36095,11,6,15,86
36097,3,1,3,8
36099,5,2,7,8
36101,10,6,1,8
36103,6124,3603,2094,1050
36105,75,34,142,256
36107,2,7,13,42
36109,40,28,25,254
36111,371,839,1687,1695
36113,4,3,34,174
36115,7,2,101,749
36117,8,4,1,8
36119,4724,2102,2552,792
36121,4,4,4,5
36123,6,1,2,4
37000,,,,
37001,3,3,5,
37003,,2,3,
37005,,,,
37007,1,,4,
37009,1,2,7,
37011,,,,1
37013,2,,2,
37015,1,2,1,
37017,5,1,2,
37019,4,3,6,2
37021,4,1,3,2
37023,,,1,1
37025,5,2,6,1
37027,,1,2,
37029,2,,,
37031,,3,13,3
37033,1,,1,
37035,4,5,6,
37037,17,10,2,3
37039,2,,2,
37041,,1,,
37043,,,,
37045,2,2,9,2
37047,1,1,,
37049,4,4,5,1
37051,10,10,14,1
37053,,,,2
37055,6,,6,2
37057,3,,,
37059,,,,
37061,2,,2,
37063,5,6,24,2
37065,6,3,8,
37067,3,5,4,2
37069,5,5,3,
37071,2,3,8,
37073,,2,2,1
37075,,,,
37077,5,2,1,
37079,2,1,,1
37081,6,4,5,5
37083,4,3,,
37085,2,,4,3
37087,1,,1,1
37089,4,3,2,1
37091,1,1,,
37093,1,1,1,1
37095,,,1,
37097,2,2,33,3
37099,1,,,
37101,3,8,7,
37103,1,1,4,1
37105,3,2,2,
37107,5,1,6,
37109,,,3,3
37111,1,1,1,
37113,1,1,,
37115,2,3,2,2
37117,,4,1,
37119,12,11,40,9
37121,,,,
37123,6,3,,
37125,1,3,3,1
37127,2,1,6,4
37129,12,9,14,2
37131,,,,1
37133,71,28,47,11
37135,4,3,15,7
37137,,,,
37139,,,3,2
37141,5,5,4,1
37143,2,,1,1
37145,6,,2,2
37147,12,4,2,3
37149,,1,1,
37151,8,4,5,
37153,4,,3,
37155,1,3,,
37157,1,1,2,
37159,3,1,2,1
37161,1,2,3,2
37163,,,1,1
37165,1,2,,
37167,3,1,1,2
37169,1,1,,1
37171,1,,,
37173,12,10,1,
37175,,,,2
37177,1,,,
37179,,1,8,2
37181,3,,1,
37183,42,45,94,18
37185,2,4,1,1
37187,,,,
37189,,,4,1
37191,3,,,2
37193,,1,1,1
37195,10,,3,3
37197,4,,1,1
37199,,,1,
38000,,,,
38001,,,,
38003,,,,1
38005,,,,
38007,,,,
38009,,,,
38011,,,,
38013,,,,
38015,1,1,,3
38017,,,5,31
38019,,,,
38021,,,,
38023,,,,
38025,,,,
38027,,,,
38029,,,,
38031,,,1,
38033,,,,
38035,1,1,,21
38037,,,,
38039,,,,
38041,,,,
38043,,,,
38045,,,,1
38047,,,,
38049,,,1,
38051,1,,,
38053,,,,
38055,,,,
38057,,,,
38059,,,,1
38061,,,,
38063,,,,
38065,,,,
38067,,,,
38069,,,,
38071,,,,
38073,,,,1
38075,,,,
38077,,,2,3
38079,,,,
38081,,,,
38083,,,,
38085,,,,
38087,,,,
38089,,,,2
38091,,,,
38093,1,,,1
38095,,,,1
38097,,,1,2
38099,,,,2
38101,1,1,1,3
38103,,,,
38105,,,,
39000,,,,
39001,2,1,,
39003,2,1,,2
39005,2,1,3,
39007,2,5,3,2
39009,3,4,,1
39011,3,1,,1
39013,6,3,2,3
39015,,,,
39017,5,9,3,6
39019,,1,3,2
39021,,3,,1
39023,2,,3,3
39025,,1,6,1
39027,,1,,
39029,7,5,5,2
39031,,1,4,2
39033,3,1,1,
39035,22,24,24,24
39037,2,2,1,
39039,,3,,
39041,2,8,9,8
39043,5,2,2,
39045,1,1,2,2
39047,,,1,
39049,6,13,27,19
39051,2,,1,1
39053,1,,1,
39055,,2,1,5
39057,1,3,3,5
39059,1,,3,1
39061,7,12,26,13
39063,3,2,,
39065,1,1,,
39067,1,,,1
39069,1,1,1,1
39071,,4,1,1
39073,,1,2,3
39075,,2,,2
39077,2,3,1,1
39079,,1,1,1
39081,,,2,1
39083,,1,2,2
39085,7,7,10,2
39087,4,2,2,
39089,6,14,6,2
39091,3,1,,
39093,5,6,9,4
39095,4,3,8,6
39097,,,1,
39099,4,3,12,9
39101,,,1,1
39103,2,1,4,
39105,,,,
39107,,2,2,
39109,2,1,3,
39111,,2,2,1
39113,7,6,7,4
39115,,,2,
39117,1,,,
39119,,2,2,
39121,,1,,
39123,,,,
39125,1,,,
39127,,,1,1
39129,1,1,2,
39131,1,2,1,
39133,1,7,7,1
39135,,1,2,
39137,,,1,1
39139,1,2,6,
39141,,,,
39143,1,,3,
39145,,1,,1
39147,,2,3,1
39149,,1,,
39151,7,7,4,5
39153,6,7,20,8
39155,2,11,12,6
39157,1,1,4,1
39159,,3,2,
39161,1,1,1,1
39163,,,,
39165,2,5,6,
39167,,5,6,
39169,3,5,2,3
39171,,,,
39173,1,2,1,6
39175,,,,
40000,,,,
40001,3,,,
40003,,,,
40005,5,,,
40007,,,,
40009,2,1,,
40011,3,,,
40013,4,,,
40015,1,1,,
40017,4,,,
40019,1,1,,
40021,2,,,1
40023,3,,,
40025,,,,
40027,23,2,1,
40029,6,,,
40031,13,2,,1
40033,,,,
40035,,,,
40037,2,,,
40039,1,1,,
40041,2,1,,
40043,,,,
40045,,,,
40047,,1,,
40049,4,1,,
40051,2,,,
40053,1,,,
40055,,,,
40057,,,,
40059,,,,
40061,2,,,
40063,2,,,
40065,1,,,
40067,,1,,
40069,1,,,
40071,12,3,,
40073,1,1,,
40075,1,,,
40077,1,,,
40079,2,3,,
40081,2,1,,
40083,1,,,1
40085,,,,
40087,4,,,
40089,4,,,
40091,,,,
40093,,,,
40095,3,2,,
40097,2,2,,
40099,2,,,
40101,7,,,
40103,,1,,
40105,2,,,
40107,1,,,
40109,34,15,2,1
40111,3,2,,
40113,4,,,1
40115,3,3,,
40117,3,,,
40119,9,1,,1
40121,5,1,,
40123,12,1,,
40125,5,3,,
40127,1,2,,
40129,1,,,
40131,5,1,,
40133,2,1,,
40135,4,,,
40137,,2,,
40139,1,,,
40141,1,,,
40143,21,7,,
40145,2,1,,
40147,,2,,
40149,1,,,
40151,,,,
40153,,,,
41000,13,,,
41001,,,,
41003,2,1,2,
41005,6,4,3,2
41007,,,1,
41009,,1,1,
41011,,1,,
41013,,,,
41015,,1,1,
41017,4,,,1
41019,4,,4,1
41021,,,,
41023,,,,
41025,,1,,
41027,1,,1,3
41029,10,15,3,8
41031,,,,
41033,3,13,11,4
41035,2,2,,1
41037,,,,1
41039,6,4,,5
41041,1,2,,
41043,,4,1,2
41045,,1,,1
41047,4,2,4,
41049,,,,
41051,4,13,13,17
41053,,1,,2
41055,,,,
41057,1,2,1,
41059,,,,
41061,1,1,,
41063,,1,,
41065,,,,1
41067,1,14,2,2
41069,3,,,
41071,,,1,1
42000,2290,34,30,
42001,5,64,328,378
42003,,73,126,73
42005,36,19,19,293
42007,8,5,25,37
42009,10,12,18,67
42011,111,554,1803,559
42013,,15,13,50
42015,3,13,20,68
42017,983,2152,2401,2755
42019,18,54,210,729
42021,10,20,18,44
42023,18,52,68,80
42025,11,16,36,131
42027,130,33,121,312
42029,893,3580,3580,3342
42031,5,4,11,62
42033,20,152,277,605
42035,11,13,53,135
42037,6,19,57,198
42039,9,7,13,14
42041,15,65,240,456
42043,32,53,296,472
42045,1384,867,1299,123
42047,29,105,183,301
42049,38,30,54,85
42051,3,16,26,15
42053,1,,3,6
42055,17,28,121,218
42057,1,7,11,105
42059,1,15,5,2
42061,3,4,11,62
42063,20,13,11,134
42065,11,17,44,280
42067,3,,7,55
42069,11,17,50,82
42071,96,326,905,352
42073,1,9,8,25
42075,5,57,280,364
42077,78,243,817,714
42079,5,25,110,141
42081,8,11,79,206
42083,12,14,39,119
42085,24,41,27,16
42087,2,4,17,114
42089,11,83,328,389
42091,863,1908,2718,2114
42093,1,9,21,58
42095,220,315,927,662
42097,35,28,42,90
42099,4,11,66,163
42101,400,811,829,813
42103,14,37,187,165
42105,4,5,34,32
42107,18,27,76,86
42109,2,3,28,56
42111,5,7,9,14
42113,,2,5,10
42115,3,5,21,40
42117,1,11,17,17
42119,1,10,22,53
42121,3,12,4,14
42123,2,5,7,14
42125,19,27,20,23
42127,4,8,37,206
42129,21,39,53,77
42131,1,5,11,96
42133,63,652,1901,1228
44000,98,49,167,38
44001,25,28,27,27
44003,193,495,412,87
44005,95,131,83,41
44007,178,455,434,153
44009,1308,1804,1061,393
45000,5,,1,19
45001,,1,1,1
45003,,1,2,
45005,,1,,
45007,1,6,7,7
45009,,,,
45011,,,,
45013,3,4,8,6
45015,2,2,,4
45017,,,,
45019,5,5,3,12
45021,1,,1,
45023,1,,1,1
45025,,,,
45027,,,1,1
45029,,,,
45031,,,,
45033,,,,
45035,1,,2,1
45037,,,3,
45039,,,2,
45041,1,,4,
45043,,,2,1
45045,,2,6,5
45047,,,4,
45049,,1,,
45051,1,1,11,12
45053,,,1,
45055,1,,1,3
45057,,6,3,1
45059,3,,,3
45061,,,,
45063,1,1,8,3
45065,,,1,1
45067,,,,
45069,,,,
45071,,,1,
45073,,12,2,2
45075,1,1,3,4
45077,2,1,3,1
45079,6,,11,7
45081,,,,
45083,4,1,1,1
45085,2,,2,2
45087,,,,
45089,,1,,2
45091,3,1,5,13
46000,,,,
46003,,,,
46005,,,,1
46007,,,,
46009,,,,
46011,,,,1
46013,,,,1
46015,,,,
46017,,,,
46019,,,,
46021,,,,
46023,,,,
46025,,,,
46027,,,1,
46029,1,,,
46031,,,,
46033,,,,
46035,,,,2
46037,,,,
46039,,,,
46041,,,,
46043,,,,
46045,,,,
46047,,,,
46049,,,,
46051,,,,
46053,,,,
46055,,,,
46057,,,,
46059,,,,
46061,,,,
46063,,,,
46065,,,,
46067,,,,
46069,,,,
46071,,,,
46073,,,,
46075,,,,
46077,,,,
46079,,,,
46081,,,,
46083,,,1,
46085,,,,
46087,,,,
46089,,,,
46091,,,,
46093,,,,
46095,,,,
46097,,,,
46099,,1,1,1
46101,,,,
46103,,,3,1
46105,,,,
46107,,,,
46109,,,,
46111,,,,
46113,,,,
46115,,,,
46117,,,,
46119,,,,
46121,,,,
46123,,,,
46125,,,,
46127,,,1,
46129,,,,
46135,,,,
46137,,,,
47000,,,,2
47001,1,,1,
47003,1,3,1,
47005,1,1,1,
47007,,1,,
47009,2,1,,
47011,5,4,2,
47013,1,,,1
47015,,,,2
47017,,2,,
47019,,,,2
47021,2,1,1,
47023,,,,
47025,,,,
47027,,,,
47029,1,,1,1
47031,1,,,
47033,,1,,
47035,1,7,2,
47037,13,35,6,6
47039,,1,,
47041,,,,
47043,3,5,2,
47045,1,4,1,
47047,,1,,
47049,,3,,1
47051,,1,2,
47053,,3,1,
47055,,4,1,2
47057,,,,
47059,3,2,,
47061,,1,,
47063,1,,,
47065,16,12,5,2
47067,,,,
47069,,,1,1
47071,,,1,
47073,,4,1,1
47075,,1,,
47077,2,3,,1
47079,1,4,2,2
47081,,,,2
47083,1,1,,
47085,,,,
47087,,,,
47089,1,,,1
47091,,,1,
47093,5,13,14,5
47095,,,,
47097,,2,,
47099,,3,1,2
47101,2,,,
47103,,4,,1
47105,,,,
47107,,1,2,
47109,2,3,,
47111,,2,2,
47113,2,4,2,2
47115,,,1,
47117,,3,,
47119,4,3,,1
47121,,,1,
47123,1,,,
47125,1,6,5,
47127,,,,
47129,,,,1
47131,2,1,,
47133,,,,
47135,,1,1,
47137,,1,,1
47139,,,1,
47141,1,1,2,2
47143,2,4,1,
47145,2,,3,
47147,3,2,,
47149,4,3,,
47151,1,,1,
47153,,,1,
47155,,1,,1
47157,9,16,9,10
47159,,3,,
47161,,2,,
47163,2,1,1,1
47165,5,4,4,1
47167,,3,,
47169,1,,,
47171,1,,1,
47173,,,,
47175,,,,
47177,,1,1,
47179,2,4,1,1
47181,1,3,,
47183,2,1,1,
47185,,1,,
47187,1,1,2,3
47189,2,6,,
48000,,,8,
48001,,1,,
48003,,,,
48005,1,4,1,7
48007,,,,
48009,,,,
48011,,,,
48013,,,1,
48015,2,1,1,1
48017,1,,,
48019,,1,1,1
48021,1,1,2,1
48023,,1,,
48025,,,,1
48027,4,3,6,1
48029,3,6,13,1
48031,,,,
48033,,,,
48035,,,1,
48037,,1,,
48039,6,,1,1
48041,3,2,3,
48043,,1,,
48045,,,,
48047,,,,
48049,4,,5,12
48051,,,1,
48053,1,,5,1
48055,,,2,
48057,,,,
48059,1,2,1,3
48061,2,,5,
48063,2,1,,
48065,,1,1,1
48067,1,1,,
48069,,,,
48071,1,,1,1
48073,,,1,
48075,,,,
48077,2,,,1
48079,,,,1
48081,,,,
48083,,2,,
48085,7,8,12,17
48087,,,,
48089,,1,,
48091,1,,1,
48093,1,,1,3
48095,,,1,
48097,,2,2,2
48099,1,,3,1
48101,,,,
48103,,,,
48105,,,,
48107,,,,
48109,,,,
48111,,,,
48113,50,44,42,16
48115,,1,,
48117,,,,
48119,,,,
48121,10,13,11,47
48123,,,,
48125,,,,
48127,,,,
48129,,,,
48131,1,,,
48133,3,,1,4
48135,,,1,
48137,,,,
48139,,4,2,5
48141,,1,,3
48143,2,1,,2
48145,,,,
48147,1,,1,
48149,,,,1
48151,,1,,
48153,,,,
48155,,,1,
48157,2,,6,5
48159,,1,1,1
48161,1,2,,
48163,,,,
48165,,,,
48167,3,,1,6
48169,,,,
48171,,1,,
48173,,,,
48175,,,,
48177,,,,
48179,1,,,
48181,6,1,1,3
48183,7,2,1,2
48185,,,1,3
48187,1,,,1
48189,,,,
48191,,,,
48193,,,,
48195,,,,
48197,,,,
48199,,,,2
48201,26,22,28,36
48203,1,,,
48205,,,,
48207,,,,
48209,1,2,12,3
48211,1,,,
48213,3,2,,2
48215,2,1,8,7
48217,1,,1,
48219,,,,
48221,3,1,1,1
48223,4,,1,1
48225,,,,
48227,,,1,
48229,,,,
48231,,3,3,1
48233,1,,,
48235,,,,
48237,1,1,,
48239,,,,
48241,1,1,,
48243,1,,,
48245,2,,1,2
48247,,,,
48249,1,,1,1
48251,8,4,6,1
48253,,,1,
48255,,,,
48257,2,3,2,
48259,,,,
48261,,,,
48263,,,,
48265,,2,2,1
48267,1,,,1
48269,,,,
48271,,,1,2
48273,,,1,
48275,1,1,1,
48277,2,1,,
48279,,,,
48281,1,1,2,
48283,,,1,
48285,1,,,
48287,,1,1,
48289,,3,,
48291,,,2,1
48293,,,,
48295,,,,
48297,,,,
48299,,1,3,
48301,,,,
48303,2,2,2,4
48305,,,,
48307,3,,1,
48309,,,1,3
48311,,,,
48313,,,,
48315,,,,
48317,,,,
48319,1,,,
48321,1,1,2,
48323,,,2,
48325,,1,,
48327,2,,,
48329,,2,,
48331,,1,,
48333,1,,3,
48335,,,,1
48337,2,2,1,2
48339,4,1,3,27
48341,,,,
48343,1,1,,
48345,,,,
48347,1,1,2,
48349,1,,1,
48351,,,,1
48353,3,1,,
48355,8,,2,5
48357,,,,
48359,,,,
48361,1,1,,1
48363,1,1,1,
48365,,1,,
48367,11,5,4,8
48369,,,,
48371,1,,,
48373,1,,,2
48375,1,,2,1
48377,,,,
48379,,,,1
48381,,,,3
48383,,,,
48385,,,,
48387,,,,
48389,,,,
48391,,,,
48393,,,,
48395,,,,
48397,2,1,3,6
48399,1,1,1,
48401,1,,,1
48403,1,2,,
48405,,1,,
48407,,,,
48409,,,,2
48411,,3,2,2
48413,,,,
48415,,,,
48417,,,,
48419,1,,,
48421,,,,
48423,6,3,3,2
48425,1,,,
48427,,,1,
48429,,,,
48431,,,,
48433,,,,
48435,,,,
48437,,,,1
48439,77,67,23,27
48441,5,5,5,3
48443,,,,1
48445,,,,
48447,,,,
48449,,1,,
48451,2,1,2,
48453,21,16,96,21
48455,1,,,
48457,,1,,
48459,1,1,2,
48461,1,,,
48463,1,1,,
48465,2,4,6,1
48467,,,1,3
48469,,4,1,1
48471,,,1,1
48473,,,,1
48475,,,,
48477,,,1,1
48479,,3,1,2
48481,,,,
48483,1,,,
48485,6,2,4,1
48487,,,,1
48489,,,,1
48491,8,8,6,5
48493,,2,,
48495,,,,
48497,3,2,1,2
48499,2,3,2,
48501,,,,
48503,3,1,,
48505,,,1,
48507,,,,
49000,,,,
49001,,1,,
49003,1,,,
49005,,,1,2
49007,,,1,
49009,,,,
49011,,2,1,2
49013,,,,1
49015,,,,
49017,,,,
49019,1,,,
49021,,,1,
49023,,,,
49025,,,,
49027,,,,
49029,,,,
49031,,,,
49033,,,,
49035,5,2,5,9
49037,,,,
49039,,,1,
49041,,,,
49043,,,2,5
49045,1,,,
49047,,,,
49049,4,2,2,3
49051,,,,
49053,,,1,3
49055,,,,
49057,1,,,
50000,1,,,
50001,3,7,21,111
50003,6,17,99,420
50005,3,2,5,9
50007,26,16,39,157
50009,,3,1,2
50011,,5,3,20
50013,,,2,11
50015,,3,3,16
50017,4,5,11,43
50019,1,,5,8
50021,3,9,22,267
50023,3,6,17,38
50025,7,15,40,240
50027,15,15,21,196
51000,,,,250
51001,32,20,57,41
51003,2,11,23,86
51005,1,,,1
51007,,,,
51009,3,,1,5
51011,6,,,3
51013,14,13,45,118
51015,3,5,2,77
51017,,,,
51019,10,9,3,15
51021,,,1,
51023,1,,,1
51025,,,,1
51027,1,,1,
51029,2,4,1,3
51031,6,,5,11
51033,,2,2,10
51035,,1,1,3
51036,,,,1
51037,10,7,,
51041,17,9,15,48
51043,,2,8,58
51045,,,,
51047,1,,10,42
51049,1,,1,
51051,,,,
51053,,,3,3
51057,,1,2,1
51059,70,107,185,852
51061,2,6,47,126
51063,25,2,,40
51065,5,1,5,6
51067,,1,1,1
51069,2,3,7,205
51071,,,,3
51073,4,,1,1
51075,,1,2,7
51077,,1,,2
51079,,2,4,21
51081,,,1,
51083,6,2,,1
51085,2,8,5,23
51087,4,10,11,29
51089,4,6,2,1
51091,,,,
51093,6,2,2,
51095,5,2,5,24
51097,,1,1,
51099,1,2,11,23
51101,1,,,3
51103,3,,,8
51105,3,1,1,
51107,8,153,417,935
51109,5,,3,10
51111,,,,1
51113,,3,1,8
51115,,,,1
51117,2,2,,1
51119,1,2,,1
51121,5,8,5,82
51125,6,1,,15
51127,,,1,
51131,13,6,19,24
51133,1,1,1,5
51135,8,1,,2
51137,3,1,2,15
51139,3,1,4,15
51141,3,,,1
51143,,6,,1
51145,,,,2
51147,2,4,1,3
51149,,,11,6
51153,57,34,127,199
51155,,,1,31
51157,1,,6,20
51159,1,,3,1
51161,,2,2,7
51163,1,3,3,10
51165,2,6,5,71
51167,1,,1,
51169,,,,1
51171,1,1,,59
51173,,,1,
51175,1,,,
51177,2,8,17,34
51179,1,9,14,31
51181,,,,
51183,1,1,1,
51185,2,,3,
51187,3,13,13,121
51191,2,,,3
51193,1,1,,
51195,,1,1,
51197,,1,1,4
51199,1,4,12,14
51510,4,1,14,32
51515,,,,
51520,,,,
51530,,1,,
51540,,,,27
51550,1,4,18,31
51570,,,3,1
51580,,,,
51590,2,1,1,4
51595,,,,
51600,,,,
51610,,,,5
51620,,,,
51630,2,4,6,1
51640,,,,1
51650,5,3,13,6
51660,,,,14
51670,,1,,1
51678,,,,2
51680,3,1,17,52
51683,,,,5
51685,,,,4
51690,,,,
51700,7,4,14,15
51710,7,1,10,6
51720,,,,
51730,1,2,1,
51735,,,1,2
51740,2,4,7,4
51750,,,,17
51760,1,4,9,16
51770,7,1,1,2
51775,4,,,5
51790,,,,11
51800,4,1,9,4
51810,11,10,2,14
51820,2,,,8
51830,7,9,27,13
51840,,,,19
53000,,,,
53001,,,,
53003,,,,
53005,1,2,1,
53007,,2,,
53009,,1,,
53011,4,2,3,8
53013,,,,
53015,1,,1,2
53017,,,,
53019,,,,1
53021,,,,1
53023,,,,
53025,,,,
53027,1,,2,
53029,3,1,,6
53031,,1,,2
53033,19,19,22,23
53035,7,,1,5
53037,1,1,,
53039,1,,,1
53041,1,,,1
53043,,,,
53045,,1,1,1
53047,2,,,1
53049,,1,1,
53051,,,,
53053,1,4,8,5
53055,,,1,2
53057,2,3,,3
53059,,,,
53061,3,3,2,4
53063,1,1,3,3
53065,,,1,1
53067,1,1,3,1
53069,,,,
53071,,,,
53073,1,2,2,7
53075,1,1,,
53077,4,4,1,
54000,1,,,3
54001,1,,1,1
54003,5,20,88,329
54005,1,,,
54007,1,1,1,1
54009,1,1,1,
54011,8,,1,1
54013,1,2,,1
54015,1,,,
54017,,,2,
54019,7,1,1,2
54021,1,2,,
54023,,1,2,3
54025,14,1,1,2
54027,1,6,,15
54029,3,1,,
54031,,,1,
54033,1,4,4,1
54035,2,,,
54037,1,10,39,129
54039,3,6,1,5
54041,1,,,
54043,,,,
54045,2,1,1,
54047,,1,1,1
54049,6,1,5,
54051,1,2,1,1
54053,3,,1,1
54055,2,3,1,2
54057,4,4,1,4
54059,2,,,
54061,1,5,1,3
54063,2,1,1,1
54065,,2,17,60
54067,1,,1,
54069,3,4,3,
54071,2,2,,1
54073,1,,,
54075,1,1,,
54077,2,,1,1
54079,2,1,,2
54081,10,,1,3
54083,13,1,1,
54085,,,1,
54087,3,1,,
54089,3,,,1
54091,3,,,1
54093,1,,,3
54095,,,1,1
54097,2,,1,1
54099,1,1,,
54101,,1,,
54103,1,1,1,
54105,,1,,
54107,3,3,,2
54109,2,1,,
55000,,3,1,31
55001,5,5,33,139
55003,4,11,40,59
55005,106,102,222,386
55007,21,15,22,72
55009,17,3,14,68
55011,42,18,46,73
55013,113,111,123,164
55015,2,3,8,30
55017,105,123,216,316
55019,86,100,139,192
55021,22,37,104,259
55023,2,18,81,54
55025,77,94,259,529
55027,25,12,16,50
55029,3,2,6,15
55031,37,60,104,149
55033,81,96,93,244
55035,260,248,391,476
55037,,,1,4
55039,14,17,14,16
55041,1,1,3,5
55043,3,19,57,59
55045,1,2,5,27
55047,1,2,8,34
55049,9,29,36,83
55051,1,2,3,24
55053,17,57,88,146
55055,9,5,17,50
55057,6,32,91,134
55059,5,8,7,18
55061,,,2,4
55063,90,202,246,147
55065,,,1,3
55067,2,,3,44
55069,11,15,162,234
55071,,,7,17
55073,5,43,238,558
55075,3,6,15,110
55077,5,6,30,168
55078,,1,2,26
55079,15,15,11,156
55081,39,93,200,256
55083,1,1,2,20
55085,38,35,221,276
55087,6,17,34,110
55089,3,3,3,32
55091,3,8,14,46
55093,10,32,46,87
55095,187,146,153,268
55097,16,184,341,499
55099,20,20,100,159
55101,4,12,9,36
55103,4,33,112,149
55105,8,10,33,66
55107,31,37,118,157
55109,77,69,113,253
55111,28,72,81,222
55113,77,75,177,163
55115,3,4,30,110
55117,4,12,19,36
55119,16,14,28,73
55121,30,50,154,142
55123,20,47,120,157
55125,21,12,46,134
55127,2,7,24,84
55129,134,138,197,186
55131,7,8,6,63
55133,30,23,29,177
55135,12,33,158,227
55137,4,6,45,184
55139,37,10,32,113
55141,22,121,289,314
56000,2,1,,1
56001,2,1,1,
56003,1,,,
56005,3,1,,
56007,,,,
56009,2,,,
56011,,,,
56013,1,,1,1
56015,,,,
56017,,,,
56019,,1,,1
56021,2,3,3,1
56023,,1,,
56025,,,2,
56027,,,,
56029,4,,,1
56031,,,,
56033,5,2,,
56035,,,,
56037,1,1,2,
56039,3,,3,1
56041,,,,
56043,,,,
56045,,,,
